,Name,Author,Link,Category,The Specific Category,State,Collect,Description
1,圣墟,辰东,//book.qidian.com/info/1004608738,玄幻,东方玄幻,完本,6750991,在破败中崛起，在寂灭中复苏。沧海成尘，雷电枯竭，那一缕幽雾又一次临近大地，世间的枷锁被打开了，一个全新的世界就此揭开神秘的一角……
2,诡秘之主,爱潜水的乌贼,//book.qidian.com/info/1010868264,玄幻,异世大陆,完本,5854643,蒸汽与机械的浪潮中，谁能触及非凡？历史和黑暗的迷雾里，又是谁在耳语？我从诡秘中醒来，睁眼看见这个世界：枪械，大炮，巨舰，飞空艇，差分机；魔药，占卜，诅咒，倒吊人，封印物……光明依旧
3,大奉打更人,卖报小郎君,//book.qidian.com/info/1019664125,仙侠,幻想修仙,完本,4845741,《大奉打更人》1-12册实体书已在天猫、京东、当当全平台发售。这个世界，有儒；有道；有佛；有妖；有术士。警校毕业的许七安幽幽醒来，发现自己身处牢狱之中，三日后流放边陲.....他起
4,修真聊天群（聊天群的日常生活）,圣骑士的传说,//book.qidian.com/info/3602691,都市,都市异能,完本,4496127,某天，宋书航意外加入了一个仙侠中二病资深患者的交流群，里面的群友们都以‘道友’相称，群名片都是各种府主、洞主、真人、天师。连群主走失的宠物犬都称为大妖犬离家出走。整天聊的是炼丹、闯
5,一念永恒,耳根,//book.qidian.com/info/1003354631,仙侠,幻想修仙,完本,4459676,一念成沧海，一念化桑田。一念斩千魔，一念诛万仙。唯我念……永恒这是耳根继《仙逆》《求魔》《我欲封天》后，创作的第四部长篇小说《一念永恒》
6,我师兄实在太稳健了,言归正传,//book.qidian.com/info/1016572786,仙侠,神话修真,完本,3920317,重生在封神大战之前的上古时代，李长寿成了一个小小的炼气士，没有什么气运加身，也不是什么注定的大劫之子，他只有一个想要长生不老的修仙梦。为了能在残酷的洪荒安身立命，他努力不沾因果，杀
7,夜的命名术,会说话的肘子,//book.qidian.com/info/1021617576,都市,异术超能,连载,3783924,蓝与紫的霓虹中，浓密的钢铁苍穹下，数据洪流的前端，是科技革命之后的世界，也是现实与虚幻的分界。钢铁与身体，过去与未来。这里，表世界与里世界并存，面前的一切，像是时间之墙近在眼前。黑
8,万族之劫,老鹰吃小鸡,//book.qidian.com/info/1018027842,都市,都市异能,完本,3773132,我是这诸天万族的劫！《全球高武》和《万族之劫》前五册实体书出版了，天猫、当当、京东都有售，喜欢的可以去看看，谢谢大家支持！
9,从红月开始,黑山老鬼,//book.qidian.com/info/1024868626,科幻,进化变异,完本,3360458,红月亮出现在天上的那一刻开始，全世界的人都成了疯子。除了我！
10,开局签到荒古圣体,J神,//book.qidian.com/info/1021378513,玄幻,东方玄幻,连载,2989057,【不废柴，不舔狗，天骄争霸暴爽无敌流】君逍遥穿越玄幻世界，成为荒古世家神子，拥有无敌背景，惊世天赋，更得到签到系统，开局签到一具大成荒古圣体。在泰岳古碑签到，获得六星奖励，神象镇狱
11,牧神记,宅猪,//book.qidian.com/info/1009704712,玄幻,东方玄幻,完本,2906861,大墟的祖训说，天黑，别出门。大墟残老村的老弱病残们从江边捡到了一个婴儿，取名秦牧，含辛茹苦将他养大。这一天夜幕降临，黑暗笼罩大墟，秦牧走出了家门……做个春风中荡漾的反派吧！瞎子对他
12,第一序列,会说话的肘子,//book.qidian.com/info/1013562540,都市,都市异能,完本,2826392,废土之上，人类文明得以苟延残喘。一座座壁垒拔地而起，秩序却不断崩坏。有人说，当灾难降临时，精神意志才是人类面对危险的第一序列武器。有人说，不要让时代的悲哀，成为你的悲哀。有人说，我
13,我的治愈系游戏,我会修空调,//book.qidian.com/info/1025901449,悬疑,侦探推理,连载,2739254,警察同志，如果我说这是一款休闲治愈系游戏，你们信吗？
14,斗破苍穹,天蚕土豆,//book.qidian.com/info/1209977,玄幻,异世大陆,完本,2668828,这里是属于斗气的世界，没有花俏艳丽的魔法，有的，仅仅是繁衍到巅峰的斗气！新书等级制度：斗者，斗师，大斗师，斗灵，斗王，斗皇，斗宗，斗尊，斗圣，斗帝。……吴磊、林允主演的同名电视剧9
15,星门,老鹰吃小鸡,//book.qidian.com/info/1027669580,玄幻,高武世界,完本,2658259,传说，在那古老的星空深处，伫立着一道血与火侵染的红色之门。传奇与神话，黑暗与光明，无尽传说皆在这古老的门户中流淌。俯瞰星门，热血照耀天地，黑暗终将离去！
16,我真没想重生啊,柳岸花又明,//book.qidian.com/info/1015648531,都市,都市生活,完本,2635540,万万没想到，社会精英、钻石单身汉的陈汉升居然重生了，一觉醒来变成了高三毕业生。十字路口的陈汉升也在犹豫，宝藏女孩沈幼楚和白月光萧容鱼，应该选择谁？都市重生小说的天花板，年轻人绝对不
17,斗罗大陆III龙王传说,唐家三少,//book.qidian.com/info/3681560,玄幻,异世大陆,完本,2570686,伴随着魂导科技的进步，斗罗大陆上的人类征服了海洋，又发现了两片大陆。魂兽也随着人类魂师的猎杀无度走向灭亡，沉睡无数年的魂兽之王在星斗大森林最后的净土苏醒，它要带领仅存的族人，向人类
18,从今天开始做藩王,背着家的蜗牛,//book.qidian.com/info/1023831464,历史,架空历史,连载,2374520,一闭眼，一睁眼。赵煦发现自己成了一名皇子。美人妖娆，封地很远，国家很乱。而他只想守着自己的封土逍遥自在。只是若有敌人敢来犯，只让他有来无回，心胆寒……
19,这游戏也太真实了,晨星LL,//book.qidian.com/info/1029391348,轻小说,原生幻想,连载,2305388,这游戏也太真实了叭！搬砖、跑腿、捡垃圾、送快递……公司最多能让你体会到996的艰辛，在这里你能体会到超级加倍的007。好了，不废话了，伟大的管理者大人喊我去搬砖了。那位大人说了，只
20,玄界之门,忘语,//book.qidian.com/info/3676417,仙侠,幻想修仙,连载,2145844,天降神物！异血附体！群仙惊惧！万魔退避！一名从东洲大陆走出的少年。一具生死相依的红粉骷髅。一个立志成为至强者的故事。一段叱咤星河，大闹三界的传说。忘语新书，已完本《凡人修仙传》》《
21,镇妖博物馆,阎ZK,//book.qidian.com/info/1026722127,悬疑,诡秘悬疑,连载,2125851,世之反常为妖物之性灵为精魂之不散为诡物之异常为怪司隶校尉，旧称卧虎，汉武帝所设，治巫蛊之事，捕奸滑之徒。全球范围内的灵气和神秘复苏，人类摸索着走上修行道路，潜藏在传说中的妖精鬼怪一
22,斗罗大陆,唐家三少,//book.qidian.com/info/1115277,玄幻,异世大陆,完本,2107598,唐门外门弟子唐三，因偷学内门绝学为唐门所不容，跳崖明志时却发现没有死，反而以另外一个身份来到了另一个世界，一个属于武魂的世界，名叫斗罗大陆。这里没有魔法，没有斗气，没有武术，却有神
23,完美世界,辰东,//book.qidian.com/info/2952453,玄幻,东方玄幻,完本,1916088,一粒尘可填海，一根草斩尽日月星辰，弹指间天翻地覆。群雄并起，万族林立，诸圣争霸，乱天动地。问苍茫大地，谁主沉浮？！一个少年从大荒中走出，一切从这里开始……
24,不科学御兽,轻泉流响,//book.qidian.com/info/1029006481,玄幻,异世大陆,连载,1803952,这是一个以御兽为主流的异世界。动物，植物，元素，死灵，机械……九尾炎狐，生命古树，雷云精灵，骷髅君主，机械舰娘乃至孕育出灵的古董刀剑皆可作为宠兽，而契约、培养，御使它们的人类，则被
25,大主宰,天蚕土豆,//book.qidian.com/info/2750457,玄幻,异世大陆,完本,1797284,大千世界，位面交汇，万族林立，群雄荟萃，一位位来自下位面的天之至尊，在这无尽世界，演绎着令人向往的传奇，追求着那主宰之路。无尽火域，炎帝执掌，万火焚苍穹。武境之内，武祖之威，震慑乾
26,汉乡,孑与2,//book.qidian.com/info/1010136878,历史,架空历史,完本,1783008,我们接受了祖先的遗产，这让中华辉煌了数千年，我们是如此的心安理得，从未想过要回归那个在刀耕火种中苦苦寻找出路的时代。反哺我们苦难的祖先，并从中找到故乡的真正意义，将是本书要讲的故事
27,全球高武,老鹰吃小鸡,//book.qidian.com/info/1012237441,都市,都市异能,完本,1765860,地窟入侵，武道崛起。小人物也有大情怀，为生存而战，为守护而战。且看小人物方平，一步步崛起，拯救（忽悠）全世界的故事！（一群群号555700424，二群群号931250725，全订验
28,赘婿,愤怒的香蕉,//book.qidian.com/info/1979049,历史,架空历史,连载,1763477,武朝末年，岁月峥嵘，天下纷乱，金辽相抗，局势动荡，百年屈辱，终于望见结束的第一缕曙光，天祚帝、完颜阿骨打、吴乞买，成吉思汗铁木真、札木合、赤老温、木华黎、博尔忽、博尔术、秦桧、岳飞
29,放开那个女巫,二目,//book.qidian.com/info/1003306811,奇幻,史诗奇幻,完本,1760075,程岩原以为穿越到了欧洲中世纪，成为了一位光荣的王子。但这世界似乎跟自己想的不太一样？女巫真实存在，而且还真具有魔力？女巫种田文，将种田进行到底。————新书《天道方程式》已经发布，
30,平平无奇大师兄,黑夜弥天,//book.qidian.com/info/1017176480,轻小说,原生幻想,完本,1726557,陆长生很难受。穿越仙侠世界，拥有一张主角脸。气质超凡，迷倒众生。突破境界，就能引来天地异象。念一首诗，便惊动天下文人。随便扯两句道德经、庄子、黄庭经，更是引来天花乱坠，万丈霞光，神
31,飞剑问道,我吃西红柿,//book.qidian.com/info/1010468795,仙侠,古典仙侠,完本,1695097,番茄继《吞噬星空》《莽荒纪》《雪鹰领主》后的第九本小说。————在这个世界，有狐仙、河神、水怪、大妖，也有求长生的修行者。修行者们，开法眼，可看妖魔鬼怪。炼一口飞剑，可千里杀敌。千
32,长夜余火,爱潜水的乌贼,//book.qidian.com/info/1023422452,玄幻,异世大陆,完本,1661285,灰土上所有人都相信，埋葬在危险和饥荒中的某个遗迹深处，有通往新世界的道路，只要能找到一把独特的钥匙，打开那扇门，就能进入新世界。在那里，大地是丰饶的，就像流淌着奶与蜜，阳光是灿烂的
33,深空彼岸,辰东,//book.qidian.com/info/1027339371,都市,异术超能,连载,1652531,浩瀚的宇宙中，一片星系的生灭，也不过是刹那的斑驳流光。仰望星空，总有种结局已注定的伤感，千百年后你我在哪里？家国，文明火光，地球，都不过是深空中的一粒尘埃。星空一瞬，人间千年。虫鸣
34,天启预报,风月,//book.qidian.com/info/1014180485,奇幻,现代魔法,连载,1612358,“我想要挨一顿毒打……”——灾厄之剑、旧世界守墓人、调律师、最后的天国捍卫者、二十四个毁灭因素之一、淮海路小佩奇、深渊烈日、最终的地狱之王：槐诗。.某一天，穷困潦倒的槐诗忽然发现自
35,凡人修仙传,忘语,//book.qidian.com/info/107580,仙侠,幻想修仙,完本,1603775,"一个普通山村小子，偶然下进入到当地江湖小门派，成了一名记名弟子。他以这样身份，如何在门派中立足,如何以平庸的资质进入到修仙者的行列，从而笑傲三界之中！诸位道友，忘语新书《大梦主》，"
36,大王饶命,会说话的肘子,//book.qidian.com/info/1010191960,都市,都市生活,完本,1599783,高中生吕树在一场车祸中改变人生，当灵气复苏时代来袭，他要做这时代的领跑者。物竞天择，胜者为王。……全订验证群号：696087569
37,不朽凡人,鹅是老五,//book.qidian.com/info/1003307568,仙侠,幻想修仙,完本,1562695,在这里，拥有灵根才能修仙，所有凡根注定只是凡人。莫无忌，只有凡根，一介凡人！
38,稳住别浪,跳舞,//book.qidian.com/info/1025325411,都市,都市异能,连载,1545391,天堂打烊，地狱满员。所以，我留在人间当祸害呀……
39,明克街13号,纯洁滴小龙,//book.qidian.com/info/1030870265,都市,异术超能,连载,1530241,我喜欢坐在夜晚空无一人的大街上，听着“他们”的窃窃私语，享受着“他们”的喧嚣。
40,庆余年,猫腻,//book.qidian.com/info/114559,历史,架空历史,完本,1497457,积善之家，必有余庆，留余庆，留余庆，忽遇恩人；幸娘亲，幸娘亲，积得阴功。劝人生，济困扶穷……而谁可知，人生于世，上承余庆，终究却是要自己做出道路抉择，正是所谓岔枝发：东风携云雨，幼
41,轮回乐园,那一只蚊子,//book.qidian.com/info/1009817672,轻小说,衍生同人,连载,1495749,苏晓签订轮回契约，进入各个世界执行任务。他曾目睹一个世界崩灭为尘粒，也曾与被遗忘的王者持刃而战。暗鸦在低语，黑渊下巨兽咆哮。欢迎来到，轮回乐园……
42,凡人修仙之仙界篇,忘语,//book.qidian.com/info/1010734492,仙侠,神话修真,完本,1447412,凡人修仙，风云再起时空穿梭，轮回逆转金仙太乙，大罗道祖三千大道，法则至尊《凡人修仙传》仙界篇，一个韩立叱咤仙界的故事，一个凡人小子修仙的不灭传说。特说明下，没有看过前传的书友，并不
43,这个人仙太过正经,言归正传,//book.qidian.com/info/1021635590,仙侠,修真文明,完本,1424015,半神之躯，比肩凡人！正经人仙，山海薅神！（正经版简介）天高九万里，地有无尽国。人道多不易，山海尽荒泽。【普一群：1071059242，普二群：1041155628，全订V群已开，在
44,大魏读书人,七月未时,//book.qidian.com/info/1029160231,仙侠,古典仙侠,完本,1405442,武昌元年。大魏王朝，历经七次北伐而败，国库空虚，民不聊生，又逢先帝驾崩。而后，女帝登基，日月当空。此时，天下妖魔横出，为祸人间。大魏藩王蠢蠢欲动，朝堂涌动不安，异族番邦虎视眈眈。也
45,全职高手,蝴蝶蓝,//book.qidian.com/info/1887208,游戏,虚拟网游,完本,1400786,网游荣耀中被誉为教科书级别的顶尖高手，因为种种原因遭到俱乐部的驱逐，离开职业圈的他寄身于一家网吧成了一个小小的网管，但是，拥有十年游戏经验的他，在荣耀新开的第十区重新投入了游戏，带
46,遮天,辰东,//book.qidian.com/info/1735921,仙侠,修真文明,完本,1400503,冰冷与黑暗并存的宇宙深处，九具庞大的龙尸拉着一口青铜古棺，亘古长存。这是太空探测器在枯寂的宇宙中捕捉到的一幅极其震撼的画面。九龙拉棺，究竟是回到了上古，还是来到了星空的彼岸？一个浩
47,星辰变,我吃西红柿,//book.qidian.com/info/118447,仙侠,幻想修仙,完本,1357160,一名孩童，天生无法修炼内功。为了得到父亲的重视关注，他毅然选择了修炼痛苦艰难的外功。春去秋来，时光如梭，这个孩童长大了……变成了一名青年，真正改变他的命运，是一颗流星化作的神秘晶石
48,将夜,猫腻,//book.qidian.com/info/2083259,玄幻,东方玄幻,完本,1318278,与天斗，其乐无穷。……
49,雪鹰领主,我吃西红柿,//book.qidian.com/info/3513193,玄幻,异世大陆,完本,1315568,在夏族的安阳行省，有一个很小很不起眼的领地，叫——雪鹰领！故事，就从这里开始！**继《莽荒纪》《吞噬星空》《九鼎记》《盘龙》《星辰变》《寸芒》《星峰传说》后，番茄的第八本小说！
50,盘龙,我吃西红柿,//book.qidian.com/info/1017141,奇幻,剑与魔法,完本,1309449,楼房大小的血睛鬃毛狮，力大无穷的紫睛金毛猿，毁天灭地的九头蛇皇，携带着毁灭雷电的恐怖雷龙……这里无奇不有，这是一个广博的魔幻世界。强者可以站在黑色巨龙的头顶遨游天际，恐怖的魔法可以
51,美食供应商,会做菜的猫,//book.qidian.com/info/1003667321,都市,都市生活,完本,1301262,“在遥远的东方，存在着一个数次拒绝了米其林三星评价的奇怪小店。那里价格昂贵，一碗配汤蛋炒饭288RMB，哦忘了还有一碟泡菜，但就算是这样也有很多人排队等候。那里不接受预定，只接受本
52,超神机械师,齐佩甲,//book.qidian.com/info/1009480992,游戏,游戏异界,完本,1284513,韩萧，《星海》骨灰级代练，被来自东（zuo）方(zhe)的神秘力量扔进穿越大军，携带玩家面板变成NPC，回到《星海》公测之前，毅然选择难度最高的机械系。战舰列队纵横星海，星辰机甲夭
53,我就是不按套路出牌,百分之七,//book.qidian.com/info/1021578188,轻小说,原生幻想,连载,1279297,一场大战之后，漂亮师姐在你面前娇羞的抬起脸，并缓缓闭了眼睛，这时候你……【选项一：轻轻吻上她的嘴唇。完成奖励：千叶奇谱（地级上品）】【选项二：在她的额头上吻一下。完成奖励：阴阳双
54,亏成首富从游戏开始,青衫取醉,//book.qidian.com/info/1016150754,游戏,游戏系统,完本,1264575,近日，特约记者对腾达集团总裁裴谦做了专访。腾达集团目前估值已达千亿级别，业务涉及游戏、互联网、数码硬件、文化传媒、餐饮等多个领域，深刻地改变了人们生活的方方面面。而裴谦，也被视为“
55,万界天尊,血红,//book.qidian.com/info/1005238666,玄幻,东方玄幻,完本,1250023,天为何物？高高在上，威严莫测，是法则，是戒律，是无情，是冷酷。天意，何也？俯瞰众生，操持风云，褫夺赏罚，随性而为。故，天意不可测，苍天不可近。顺之应之，未必得其利；逆之叛之，福祸却
56,斗罗大陆II绝世唐门,唐家三少,//book.qidian.com/info/2517792,玄幻,异世大陆,完本,1247468,大陆传奇，一战成名；凤凰圣女，风火流星神界刀法；双升融合，金阳蓝月，雷霆之怒，这里没有魔法，没有斗气，没有武术，却有武魂。唐门创立万年之后的斗罗大陆上，唐门式微。一代天骄横空出世，
57,朕,王梓钧,//book.qidian.com/info/1028520538,历史,两宋元明,连载,1235124,回到明末，沦落为奴。这皇帝，乞丐做得，建奴做得，流寇做得，家奴就做不得？
58,武动乾坤,天蚕土豆,//book.qidian.com/info/2048120,玄幻,东方玄幻,完本,1228370,修炼一途，乃窃阴阳，夺造化，转涅盘，握生死，掌轮回。武之极，破苍穹，动乾坤！
59,吞噬星空,我吃西红柿,//book.qidian.com/info/1639199,科幻,未来世界,完本,1214043,继《九鼎记》《盘龙》《星辰变》《寸芒》《星峰传说》后，番茄的第六本书！——————简介：星空中。“这颗星球，通体土黄色，没有任何生命存在，直径21000公里，咦，竟然蕴含‘星泪金’
60,道君,跃千愁,//book.qidian.com/info/1005236478,仙侠,幻想修仙,完本,1188804,一个地球神级盗墓宗师，闯入修真界的故事……桃花源里，有歌声。山外青山，白骨山。五花马，千金裘，倚天剑。应我多情，啾啾鬼鸣，美人薄嗔。天地无垠，谁家旗鼓，碧落黄泉，万古高楼。为义气争
61,我的徒弟都是大反派,谋生任转蓬,//book.qidian.com/info/1016660823,玄幻,东方玄幻,完本,1174121,陆州一觉醒来成了世间最强大最老的魔头祖师爷，还有九个恶贯满盈，威震天下的徒弟。大徒弟幽冥教教主手下万千魔众，二徒弟剑魔一言不合就开杀戒……没了一身修为，如何调教这帮恶徒？大徒弟于正
62,烂柯棋缘,真费事,//book.qidian.com/info/1015990091,仙侠,古典仙侠,完本,1163228,烂柯旁棋局落叶，老树间对弈无人兴所致天元一子，再回首山海苍茫……一觉醒来，计缘成了一个破旧山神庙中的半瞎乞丐。真人一柄剑，神棍一张嘴，就是计缘在这个可怕的世界安身立足的根本。———
63,我有一座冒险屋,我会修空调,//book.qidian.com/info/1012284323,悬疑,侦探推理,完本,1137754,【本作品简体实体书由次元书馆出版】陈歌继承了失踪父母留下的冒险屋，无奈生意萧条，直到整理冒险屋时意外发现的手机改变了这一切。只要完成手机每日布置的不同难度的任务，冒险屋就能得到修缮
64,九星毒奶,育,//book.qidian.com/info/1013432302,科幻,进化变异,完本,1137064,九星毒奶实体书《星临》已经开售，淘宝、天猫、京东均有销售，搜索《星临》即可，谢谢大家的支持。另：新书《九星之主》已肥，可以宰了！...本书简介：这是一个充满了星力的平行世界。星图、
65,我欲封天,耳根,//book.qidian.com/info/3106580,仙侠,修真文明,完本,1113779,我若要有天不可无我若要无天不许有！这是一个起始于第八山与第九山之间的故事一个“我命如妖欲封天”的世界！这是耳根继《仙逆》《求魔》后，创作的第三部长篇小说《我欲封天》
66,神秘复苏,佛前献花,//book.qidian.com/info/1012584111,仙侠,现代修真,连载,1064457,“我叫杨间，当你看到这句话的时候我已经死了......”一张诡异的羊皮卷，一只窥视黑暗的眼睛，这是一个活下来的人经历的故事。——————
67,盗墓笔记,南派三叔,//book.qidian.com/info/68223,悬疑,探险生存,完本,1059277,热播剧《怒海潜沙》原著小说。50年前由长沙土夫子（盗墓贼）出土的战国帛书，记载了一个奇特战国古墓的位置，50年后，其中一个土夫子的孙子在他的笔记中发现这个秘密，纠集了一批经验丰富的
68,签到十年，我被绝色师姐曝光了,卿慕寒,//book.qidian.com/info/1025826037,玄幻,东方玄幻,连载,1051878,叶辰穿越到玄幻世界，发现自己竟然有七个美若天仙的仙女师姐。大师姐，红衣女帝！二师姐，冷艳剑神！三师姐，缥缈仙子！.....................七师姐，绝代天骄！天生废物
69,从斗罗开始打卡,夏竖琴,//book.qidian.com/info/1016869634,轻小说,衍生同人,完本,1042933,穿越斗罗大陆，本想咸鱼一生的王枫，却意外开启打卡辅助系统！“叮，斗罗大陆剧情正式开启，宿主打卡成功，恭喜获得：流星泪！”……同时，在系统的帮助下，王枫开始获得各式各样的强大武魂。有
70,大梦主,忘语,//book.qidian.com/info/1016534035,仙侠,幻想修仙,连载,1040785,一个从小体弱多病的富商之子，在寻求续命之法时，意外走上了修仙登天之路！大唐盛世，天下安泰，风调雨顺，百姓安居。千年后世，魔物吞天，妖鬼横行，遍野哀鸣。西游再现，大圣斗天，天蓬下凡，
71,临渊行,宅猪,//book.qidian.com/info/1017125042,玄幻,东方玄幻,完本,1036327,苏云怎么也没有想到，自己生活了十几年的天门镇，只有自己是人。他更没有想到天门镇外，方圆百里，是鼎鼎有名的无人区。少年睁开眼睛时，想象中的世界崩塌了，妖魔鬼怪横行的现实呈现在他的面前
72,视死如归魏君子,平层,//book.qidian.com/info/1027440366,轻小说,原生幻想,连载,1028300,魏君确认自己被杀死后就能直接无敌，于是他开始疯狂的作死。然后，他发现这个世界有毒。“当初仙门凌驾于朝堂之上作威作福，满朝文武包括朕皆对仙人卑躬屈膝，只有魏君一身是胆，视死如归，在众
73,斗罗大陆IV终极斗罗,唐家三少,//book.qidian.com/info/1013406185,玄幻,异世大陆,完本,1005945,一万年后，冰化了。斗罗联邦科考队在极北之地科考时发现了一个有着金银双色花纹的蛋，用仪器探察之后，发现里面居然有生命体征，赶忙将其带回研究所进行孵化。蛋孵化出来了，可孵出来的却是一个
74,学霸的黑科技系统,晨星LL,//book.qidian.com/info/1011449273,科幻,超级科技,完本,993159,“系统，积分能换钱吗？”“不能。”“淦，那我要你何用？”“我能让你成为学霸。”-从数学猜想到可控核聚变，从一张黑板到无垠的星空。这是一个关于学霸的故事。
75,黎明之剑,远瞳,//book.qidian.com/info/1010400217,科幻,时空穿梭,连载,984841,高文穿越了，但穿越的时候稍微出了点问题。在某个异界大陆上空飘了十几万年之后，他觉得自己可能需要一具身体才算是成为一个完整的穿越者，但他并没想到自己好不容易成功之后竟然还需要带着这具
76,天道图书馆,横扫天涯,//book.qidian.com/info/1004179514,玄幻,异世大陆,完本,961597,【2017最火玄幻作品，海外点推双榜第一】张悬穿越异界，成了一名光荣的教师，脑海中多出了一个神秘的图书馆。只要他看过的东西，无论人还是物，都能自动形成书籍，记录下对方各种各样的缺点
77,灵境行者,卖报小郎君,//book.qidian.com/info/1031940621,科幻,进化变异,连载,948647,亘古通今，传闻世有灵境。关于灵境的说法，历朝历代的名人雅士众说纷纭，诗中记载：“自齐至唐，兹山濅荒，灵境寂寥，罕有人游。”“灵境不可状，鬼工谅难求。”
78,武侠：开局奖励满级神功,落魄的小纯洁,//book.qidian.com/info/1032569010,武侠,武侠幻想,连载,936133,苏陌穿越到武侠世界，接手了一家濒临倒闭的镖局。江湖凶恶，风波诡谲，本不想厮混江湖的他，却意外得到了一个【押镖系统】。只要押镖成功，就能够获得奖励！【押镖成功，获得奖励：龙象般若功大
79,我用闲书成圣人,出走八万里,//book.qidian.com/info/1028463573,仙侠,古典仙侠,连载,924922,开局一口棺材。陈洛的穿越从灵堂开始。这是一个读书就能获得超凡威力的世界。读儒门经典，可养浩然正气；读道门典藏，可生先天源炁；读佛门经文，可悟轮回真意；偏偏陈洛的金手指却是一堆天道都
80,神墓,辰东,//book.qidian.com/info/63856,玄幻,异世大陆,完本,907429,一个死去万载岁月的平凡青年从远古神墓中复活而出……
81,魔临,纯洁滴小龙,//book.qidian.com/info/1016560323,悬疑,奇妙世界,完本,897863,这个世界一直流传着一个传说：终有一日，魔王会降临于这个世界，魔王的麾下，有七尊恐怖的魔头，他们，将带给这个世界绝望的黑暗。《魔临》舵主群：893、107、381（需要验证）《魔临》
82,仙逆,耳根,//book.qidian.com/info/1264634,仙侠,幻想修仙,完本,885514,顺为凡，逆则仙，只在心中一念间……请看耳根作品《仙逆》
83,家父汉高祖,历史系之狼,//book.qidian.com/info/1032822816,历史,秦汉三国,连载,883244,一个伟大的帝国刚刚诞生，新的时代即将到来。刘长也曾想过要不要争一争那大位，由自己来率领这个崭新的帝国，可是他看了看自己的周围，刘邦，吕后，刘盈，刘恒...嗯，活着不好吗？于是乎，刘
84,宇宙职业选手,我吃西红柿,//book.qidian.com/info/1031581171,科幻,未来世界,连载,873527,融入宇宙文明后，家乡星球为了生存，步履蹒跚地在文明之路上前行。而星球上无数人类，也开始了进化之路……
85,绍宋,榴弹怕水,//book.qidian.com/info/1017281778,历史,架空历史,完本,870773,绍者，一曰继；二曰导。公元1127年，北宋灭亡。旋即，皇九子赵构在万众期待中于商丘登基，继承宋统，改元建炎。然而，三个月内，李纲罢相，陈东被杀，岳飞被驱逐出军，宗泽被遗弃东京，河北
86,一世之尊,爱潜水的乌贼,//book.qidian.com/info/3249362,玄幻,东方玄幻,完本,870643,我这一生，不问前尘，不求来世，只轰轰烈烈，快意恩仇，败尽各族英杰，傲笑六道神魔！万年之后，大劫再启，如来金身，元始道体，孰强孰弱，如来神掌，截天七式，谁领风骚？轮回之中，孟奇自少林
87,兰若蝉声,扫叶僧,//book.qidian.com/info/1016459104,短篇,短篇小说,连载,865934,书友群：947211275荆轲手札出世，青囊原本重现。史书为何讳提始皇帝后宫？亚历山大欲观东海为何迷途？荆轲竟与基辅国有不解渊源？马超后人真的去了亚美尼亚？木兰将军的姓氏背后有何玄
88,莽荒纪,我吃西红柿,//book.qidian.com/info/2502372,仙侠,修真文明,完本,859039,纪宁死后来到阴曹地府，经判官审前生判来世，投胎到了部族纪氏。这里，有夸父逐日……有后羿射金乌……更有为了逍遥长生，历三灾九劫，纵死无悔的无数修仙者…………纪宁也成为了一名修仙者，开
89,校花的贴身高手,鱼人二代,//book.qidian.com/info/1931432,都市,异术超能,连载,855576,传奇杀手回归都市，奉旨保护校花！我是校花的贴身高手，你们最好离我远一点，不然大小姐又要吃醋了！【鱼宝宝书友1群333702438（已满），鱼宝宝书友2群417723151】
90,我的女友是恶劣大小姐,掠过的乌鸦,//book.qidian.com/info/1021671831,轻小说,恋爱日常,完本,853332,【那就变得更俊美，如果可以打动美少女】【如果情话能说得更好听，也请说给她听】【但请记住，不要主动】【让美少女自己喊出来：“俊美的、情话说得好听的东京帅哥啊，我一定要拥有你，你是我的
91,史上第一混乱,张小花,//book.qidian.com/info/174075,都市,都市生活,完本,845032,我真倒霉，真的人家穿越，我只能被穿越人家泡妞，我只能被妞……在我的第“好几号”当铺里，我接待了名叫荆轲、李白、关羽、秦侩等等一系列客户，发生了一连串让人忍俊不禁的故事本书恶搞气氛浓
92,异常生物见闻录,远瞳,//book.qidian.com/info/3242304,科幻,时空穿梭,完本,842617,郝仁，人如其名，是个好人，理想是平平安安过一辈子，当个穷不死但也发不了财的小房东——起码在他家里住进去一堆神经病生物之前是这样。一栋偏僻陈旧的大屋，一堆不怎么正常的人外生物，还有一
93,极道天魔,滚开,//book.qidian.com/info/1005401501,仙侠,修真文明,连载,841333,妖魔横行，世人苦难。神兵魔刃，遮耀天下。手机上的一款游戏修改器，意外成了路胜脑海里的异能。也成了他在这个黑暗乱世唯一的依靠。~~~~~~~新书：我的属性修行人生，大家喜欢的可以移步
94,警探长,奉义天涯,//book.qidian.com/info/1016237165,现实,现实百态,完本,829616,案中案，局中局，曲折离奇却又理所当然。要记得每一个细节，那将是破案关键！奉义九州恩仇事，天涯四海仗剑行一个警察的故事，全程智商在线。伏笔很多，书友圈和评论区大神更多，欢迎留言，欢迎
95,斗罗大陆V重生唐三,唐家三少,//book.qidian.com/info/1027996625,玄幻,异世大陆,连载,826619,一代神王唐三，带着一点神识在宇宙中遨游，寻找妻子转世重生的世界。在神识的牵引下，他来到了一个叫做妖精大陆的地方，而他却发现，这是一个人类为刍狗的世界……
96,明天下,孑与2,//book.qidian.com/info/1015609210,历史,两宋元明,完本,820949,明末的历史纷乱混杂，堪称是一段由一些有着强大个人魅力的人书写成的历史。不论是李自成，还是张献忠这些叛逆者，还是崇祯，袁崇焕，这些当权者，亦或是吴三桂，耿精忠这些背叛者，每个人身上都
97,术师手册,听日,//book.qidian.com/info/1025990049,轻小说,原生幻想,连载,815999,1668年，我所在的城市被评为全国治安最好的地区。我对此做出了不可磨灭的贡献。因为我落网了。
98,金刚不坏大寨主,徍男,//book.qidian.com/info/1023502814,武侠,武侠幻想,连载,813918,【横推】【爆燃】【2020-2021武侠最火作品】内练一口九阳气，外练一身金刚骨，金背九环刀横扫四十丈银蓝刀气，气沉丹田左冲右突，降龙神掌轰炸全场。道心魔种......忘我唯我..
99,原来我是修仙大佬,木下雉水,//book.qidian.com/info/1022314396,仙侠,幻想修仙,连载,803301,仙道缥缈，仙踪难觅。李念凡以凡人之躯降临修仙世界，得知修仙无望后只想安稳度日。却不知——他收养的一条狗，因为看他写诗作画，成为一代妖王，镇压一方世界。他屋后栽种的树木，因为听他弹琴
100,赤心巡天,情何以甚,//book.qidian.com/info/1016530091,仙侠,古典仙侠,连载,802540,（《赤心巡天》实体书已在全网发售。）上古时代，妖族绝迹。近古时代，龙族消失。神道大昌的时代已经如烟，飞剑绝巅的时代终究沉沦……这个世界发生了什么？那埋葬于时间长河里的历史真相，谁来
